state,device,total_users,engagement_share_pct,efficiency_classification,device_rank
Maharashtra,Apple,6043208,0.06,EXCELLENT_LEADER (>5M),1
Karnataka,Apple,4863248,0.05,STRONG_PERFORMER (1-5M),2
Telangana,Apple,3722552,0.04,STRONG_PERFORMER (1-5M),3
Uttar Pradesh,Apple,3102184,0.03,STRONG_PERFORMER (1-5M),4
Delhi,Apple,3044400,0.03,STRONG_PERFORMER (1-5M),5
Gujarat,Apple,2774016,0.03,STRONG_PERFORMER (1-5M),6
Tamil Nadu,Apple,2496452,0.02,STRONG_PERFORMER (1-5M),7
Andhra Pradesh,Apple,2376012,0.02,STRONG_PERFORMER (1-5M),8
Haryana,Apple,2312212,0.02,STRONG_PERFORMER (1-5M),9
Kerala,Apple,2201956,0.02,STRONG_PERFORMER (1-5M),10
Punjab,Apple,2163216,0.02,STRONG_PERFORMER (1-5M),11
Rajasthan,Apple,2043544,0.02,STRONG_PERFORMER (1-5M),12
Madhya Pradesh,Apple,1302236,0.01,STRONG_PERFORMER (1-5M),13
West Bengal,Apple,1111008,0.01,STRONG_PERFORMER (1-5M),14
Bihar,Apple,634000,0.01,MODERATE_GROWTH (100K-1M),15
Odisha,Apple,512276,0.0,MODERATE_GROWTH (100K-1M),16
Uttarakhand,Apple,414420,0.0,MODERATE_GROWTH (100K-1M),17
Chhattisgarh,Apple,386220,0.0,MODERATE_GROWTH (100K-1M),18
Jharkhand,Apple,341120,0.0,MODERATE_GROWTH (100K-1M),19
Assam,Apple,238484,0.0,MODERATE_GROWTH (100K-1M),20
Himachal Pradesh,Apple,219928,0.0,MODERATE_GROWTH (100K-1M),21
Jammu & Kashmir,Apple,198568,0.0,MODERATE_GROWTH (100K-1M),22
Chandigarh,Apple,180320,0.0,MODERATE_GROWTH (100K-1M),23
Goa,Apple,144940,0.0,MODERATE_GROWTH (100K-1M),24
Puducherry,Apple,66272,0.0,EMERGING_MARKET (<100K),25
Manipur,Apple,41024,0.0,EMERGING_MARKET (<100K),26
Dadra & Nagar Haveli & Daman & Diu,Apple,33200,0.0,EMERGING_MARKET (<100K),27
Arunachal Pradesh,Apple,28440,0.0,EMERGING_MARKET (<100K),28
Sikkim,Apple,28232,0.0,EMERGING_MARKET (<100K),29
Nagaland,Apple,22896,0.0,EMERGING_MARKET (<100K),30
Meghalaya,Apple,19932,0.0,EMERGING_MARKET (<100K),31
Mizoram,Apple,15212,0.0,EMERGING_MARKET (<100K),32
Ladakh,Apple,10620,0.0,EMERGING_MARKET (<100K),33
Andaman & Nicobar Islands,Apple,6536,0.0,EMERGING_MARKET (<100K),34
Lakshadweep,Apple,704,0.0,EMERGING_MARKET (<100K),35
West Bengal,Asus,1121388,0.01,STRONG_PERFORMER (1-5M),1
Tripura,Asus,29468,0.0,EMERGING_MARKET (<100K),2
Nagaland,Asus,13688,0.0,EMERGING_MARKET (<100K),3
Nagaland,Gionee,15388,0.0,EMERGING_MARKET (<100K),1
Arunachal Pradesh,Gionee,9928,0.0,EMERGING_MARKET (<100K),2
Mizoram,Gionee,6252,0.0,EMERGING_MARKET (<100K),3
Chandigarh,HMD Global,18116,0.0,EMERGING_MARKET (<100K),1
Manipur,HMD Global,10072,0.0,EMERGING_MARKET (<100K),2
Sikkim,HMD Global,9264,0.0,EMERGING_MARKET (<100K),3
Uttar Pradesh,Huawei,2106720,0.02,STRONG_PERFORMER (1-5M),1
Tamil Nadu,Huawei,1943584,0.02,STRONG_PERFORMER (1-5M),2
Maharashtra,Huawei,1664100,0.02,STRONG_PERFORMER (1-5M),3
Kerala,Huawei,1634212,0.02,STRONG_PERFORMER (1-5M),4
Andhra Pradesh,Huawei,1605908,0.02,STRONG_PERFORMER (1-5M),5
Karnataka,Huawei,1577880,0.02,STRONG_PERFORMER (1-5M),6
Telangana,Huawei,1378976,0.01,STRONG_PERFORMER (1-5M),7
Rajasthan,Huawei,1138552,0.01,STRONG_PERFORMER (1-5M),8
Bihar,Huawei,860016,0.01,MODERATE_GROWTH (100K-1M),9
Madhya Pradesh,Huawei,693188,0.01,MODERATE_GROWTH (100K-1M),10
Delhi,Huawei,657684,0.01,MODERATE_GROWTH (100K-1M),11
Haryana,Huawei,580196,0.01,MODERATE_GROWTH (100K-1M),12
Odisha,Huawei,561468,0.01,MODERATE_GROWTH (100K-1M),13
Punjab,Huawei,234604,0.0,MODERATE_GROWTH (100K-1M),14
Assam,Huawei,218344,0.0,MODERATE_GROWTH (100K-1M),15
Uttarakhand,Huawei,185572,0.0,MODERATE_GROWTH (100K-1M),16
Jammu & Kashmir,Huawei,50696,0.0,EMERGING_MARKET (<100K),17
Puducherry,Huawei,49912,0.0,EMERGING_MARKET (<100K),18
Goa,Huawei,43292,0.0,EMERGING_MARKET (<100K),19
Tripura,Huawei,26304,0.0,EMERGING_MARKET (<100K),20
Chandigarh,Huawei,23248,0.0,EMERGING_MARKET (<100K),21
Nagaland,Huawei,18728,0.0,EMERGING_MARKET (<100K),22
Manipur,Huawei,16376,0.0,EMERGING_MARKET (<100K),23
Meghalaya,Huawei,15788,0.0,EMERGING_MARKET (<100K),24
Arunachal Pradesh,Huawei,10060,0.0,EMERGING_MARKET (<100K),25
Mizoram,Huawei,7264,0.0,EMERGING_MARKET (<100K),26
Andaman & Nicobar Islands,Huawei,5764,0.0,EMERGING_MARKET (<100K),27
Ladakh,Huawei,3984,0.0,EMERGING_MARKET (<100K),28
Lakshadweep,Huawei,1588,0.0,EMERGING_MARKET (<100K),29
Uttar Pradesh,Infinix,2876192,0.03,STRONG_PERFORMER (1-5M),1
Bihar,Infinix,1548816,0.02,STRONG_PERFORMER (1-5M),2
West Bengal,Infinix,1138712,0.01,STRONG_PERFORMER (1-5M),3
Jharkhand,Infinix,334872,0.0,MODERATE_GROWTH (100K-1M),4
Chhattisgarh,Infinix,214004,0.0,MODERATE_GROWTH (100K-1M),5
Assam,Infinix,190356,0.0,MODERATE_GROWTH (100K-1M),6
Dadra & Nagar Haveli & Daman & Diu,Infinix,27636,0.0,EMERGING_MARKET (<100K),7
Tripura,Infinix,25428,0.0,EMERGING_MARKET (<100K),8
Nagaland,Infinix,14620,0.0,EMERGING_MARKET (<100K),9
Arunachal Pradesh,Infinix,9432,0.0,EMERGING_MARKET (<100K),10
Himachal Pradesh,Lava,125048,0.0,MODERATE_GROWTH (100K-1M),1
Tamil Nadu,Lenovo,1324608,0.01,STRONG_PERFORMER (1-5M),1
West Bengal,Lenovo,1320068,0.01,STRONG_PERFORMER (1-5M),2
Karnataka,Lenovo,1160552,0.01,STRONG_PERFORMER (1-5M),3
Andhra Pradesh,Lenovo,890344,0.01,MODERATE_GROWTH (100K-1M),4
Gujarat,Lenovo,813416,0.01,MODERATE_GROWTH (100K-1M),5
Telangana,Lenovo,733736,0.01,MODERATE_GROWTH (100K-1M),6
Odisha,Lenovo,565840,0.01,MODERATE_GROWTH (100K-1M),7
Kerala,Lenovo,499996,0.0,MODERATE_GROWTH (100K-1M),8
Puducherry,Lenovo,23820,0.0,EMERGING_MARKET (<100K),9
Ladakh,Lenovo,2008,0.0,EMERGING_MARKET (<100K),10
Lakshadweep,Lenovo,200,0.0,EMERGING_MARKET (<100K),11
Chhattisgarh,Micromax,1023812,0.01,STRONG_PERFORMER (1-5M),1
Meghalaya,Micromax,12556,0.0,EMERGING_MARKET (<100K),2
Maharashtra,Motorola,3152436,0.03,STRONG_PERFORMER (1-5M),1
Karnataka,Motorola,2383680,0.02,STRONG_PERFORMER (1-5M),2
Tamil Nadu,Motorola,1981588,0.02,STRONG_PERFORMER (1-5M),3
Andhra Pradesh,Motorola,1854608,0.02,STRONG_PERFORMER (1-5M),4
West Bengal,Motorola,1643160,0.02,STRONG_PERFORMER (1-5M),5
Telangana,Motorola,1625060,0.02,STRONG_PERFORMER (1-5M),6
Delhi,Motorola,1009708,0.01,STRONG_PERFORMER (1-5M),7
Bihar,Motorola,882172,0.01,MODERATE_GROWTH (100K-1M),8
Madhya Pradesh,Motorola,845724,0.01,MODERATE_GROWTH (100K-1M),9
Odisha,Motorola,773692,0.01,MODERATE_GROWTH (100K-1M),10
Rajasthan,Motorola,756012,0.01,MODERATE_GROWTH (100K-1M),11
Gujarat,Motorola,698956,0.01,MODERATE_GROWTH (100K-1M),12
Haryana,Motorola,682564,0.01,MODERATE_GROWTH (100K-1M),13
Kerala,Motorola,548920,0.01,MODERATE_GROWTH (100K-1M),14
Jharkhand,Motorola,372128,0.0,MODERATE_GROWTH (100K-1M),15
Uttarakhand,Motorola,224176,0.0,MODERATE_GROWTH (100K-1M),16
Punjab,Motorola,195220,0.0,MODERATE_GROWTH (100K-1M),17
Himachal Pradesh,Motorola,126056,0.0,MODERATE_GROWTH (100K-1M),18
Goa,Motorola,64500,0.0,EMERGING_MARKET (<100K),19
Jammu & Kashmir,Motorola,51732,0.0,EMERGING_MARKET (<100K),20
Puducherry,Motorola,36412,0.0,EMERGING_MARKET (<100K),21
Chandigarh,Motorola,33512,0.0,EMERGING_MARKET (<100K),22
Tripura,Motorola,25340,0.0,EMERGING_MARKET (<100K),23
Dadra & Nagar Haveli & Daman & Diu,Motorola,19400,0.0,EMERGING_MARKET (<100K),24
Manipur,Motorola,9436,0.0,EMERGING_MARKET (<100K),25
Sikkim,Motorola,8500,0.0,EMERGING_MARKET (<100K),26
Andaman & Nicobar Islands,Motorola,4200,0.0,EMERGING_MARKET (<100K),27
Ladakh,Motorola,3684,0.0,EMERGING_MARKET (<100K),28
Lakshadweep,Motorola,196,0.0,EMERGING_MARKET (<100K),29
Maharashtra,OnePlus,5587464,0.05,EXCELLENT_LEADER (>5M),1
Karnataka,OnePlus,4442844,0.04,STRONG_PERFORMER (1-5M),2
Telangana,OnePlus,2987064,0.03,STRONG_PERFORMER (1-5M),3
Andhra Pradesh,OnePlus,2322948,0.02,STRONG_PERFORMER (1-5M),4
Tamil Nadu,OnePlus,2199048,0.02,STRONG_PERFORMER (1-5M),5
Uttar Pradesh,OnePlus,2137828,0.02,STRONG_PERFORMER (1-5M),6
Gujarat,OnePlus,1764212,0.02,STRONG_PERFORMER (1-5M),7
Delhi,OnePlus,1618964,0.02,STRONG_PERFORMER (1-5M),8
Rajasthan,OnePlus,1542232,0.02,STRONG_PERFORMER (1-5M),9
Madhya Pradesh,OnePlus,1215060,0.01,STRONG_PERFORMER (1-5M),10
Haryana,OnePlus,1068060,0.01,STRONG_PERFORMER (1-5M),11
Kerala,OnePlus,797656,0.01,MODERATE_GROWTH (100K-1M),12
Odisha,OnePlus,658276,0.01,MODERATE_GROWTH (100K-1M),13
Chhattisgarh,OnePlus,397940,0.0,MODERATE_GROWTH (100K-1M),14
Punjab,OnePlus,356796,0.0,MODERATE_GROWTH (100K-1M),15
Jharkhand,OnePlus,319116,0.0,MODERATE_GROWTH (100K-1M),16
Uttarakhand,OnePlus,266244,0.0,MODERATE_GROWTH (100K-1M),17
Assam,OnePlus,208712,0.0,MODERATE_GROWTH (100K-1M),18
Himachal Pradesh,OnePlus,122144,0.0,MODERATE_GROWTH (100K-1M),19
Jammu & Kashmir,OnePlus,108764,0.0,MODERATE_GROWTH (100K-1M),20
Goa,OnePlus,105132,0.0,MODERATE_GROWTH (100K-1M),21
Chandigarh,OnePlus,62216,0.0,EMERGING_MARKET (<100K),22
Puducherry,OnePlus,52800,0.0,EMERGING_MARKET (<100K),23
Dadra & Nagar Haveli & Daman & Diu,OnePlus,23780,0.0,EMERGING_MARKET (<100K),24
Manipur,OnePlus,21340,0.0,EMERGING_MARKET (<100K),25
Arunachal Pradesh,OnePlus,17692,0.0,EMERGING_MARKET (<100K),26
Sikkim,OnePlus,13176,0.0,EMERGING_MARKET (<100K),27
Meghalaya,OnePlus,12764,0.0,EMERGING_MARKET (<100K),28
Andaman & Nicobar Islands,OnePlus,12020,0.0,EMERGING_MARKET (<100K),29
Ladakh,OnePlus,11936,0.0,EMERGING_MARKET (<100K),30
Mizoram,OnePlus,5084,0.0,EMERGING_MARKET (<100K),31
Lakshadweep,OnePlus,640,0.0,EMERGING_MARKET (<100K),32
Maharashtra,Oppo,28037200,0.27,EXCELLENT_LEADER (>5M),1
Uttar Pradesh,Oppo,20669968,0.2,EXCELLENT_LEADER (>5M),2
Karnataka,Oppo,15765196,0.15,EXCELLENT_LEADER (>5M),3
Rajasthan,Oppo,13332476,0.13,EXCELLENT_LEADER (>5M),4
Gujarat,Oppo,11985460,0.12,EXCELLENT_LEADER (>5M),5
Andhra Pradesh,Oppo,11123896,0.11,EXCELLENT_LEADER (>5M),6
Tamil Nadu,Oppo,10397624,0.1,EXCELLENT_LEADER (>5M),7
Madhya Pradesh,Oppo,10382272,0.1,EXCELLENT_LEADER (>5M),8
Telangana,Oppo,10161224,0.1,EXCELLENT_LEADER (>5M),9
West Bengal,Oppo,9923472,0.1,EXCELLENT_LEADER (>5M),10
Bihar,Oppo,9358480,0.09,EXCELLENT_LEADER (>5M),11
Haryana,Oppo,7302420,0.07,EXCELLENT_LEADER (>5M),12
Delhi,Oppo,7271916,0.07,EXCELLENT_LEADER (>5M),13
Odisha,Oppo,6792352,0.07,EXCELLENT_LEADER (>5M),14
Punjab,Oppo,4479680,0.04,STRONG_PERFORMER (1-5M),15
Kerala,Oppo,4128932,0.04,STRONG_PERFORMER (1-5M),16
Jharkhand,Oppo,3662596,0.04,STRONG_PERFORMER (1-5M),17
Chhattisgarh,Oppo,2808564,0.03,STRONG_PERFORMER (1-5M),18
Assam,Oppo,2546484,0.02,STRONG_PERFORMER (1-5M),19
Uttarakhand,Oppo,2266872,0.02,STRONG_PERFORMER (1-5M),20
Himachal Pradesh,Oppo,1106096,0.01,STRONG_PERFORMER (1-5M),21
Jammu & Kashmir,Oppo,633528,0.01,MODERATE_GROWTH (100K-1M),22
Tripura,Oppo,333872,0.0,MODERATE_GROWTH (100K-1M),23
Goa,Oppo,320580,0.0,MODERATE_GROWTH (100K-1M),24
Chandigarh,Oppo,305320,0.0,MODERATE_GROWTH (100K-1M),25
Dadra & Nagar Haveli & Daman & Diu,Oppo,214608,0.0,MODERATE_GROWTH (100K-1M),26
Arunachal Pradesh,Oppo,208612,0.0,MODERATE_GROWTH (100K-1M),27
Puducherry,Oppo,204420,0.0,MODERATE_GROWTH (100K-1M),28
Manipur,Oppo,149736,0.0,MODERATE_GROWTH (100K-1M),29
Meghalaya,Oppo,137160,0.0,MODERATE_GROWTH (100K-1M),30
Nagaland,Oppo,129540,0.0,MODERATE_GROWTH (100K-1M),31
Sikkim,Oppo,90004,0.0,EMERGING_MARKET (<100K),32
Mizoram,Oppo,59464,0.0,EMERGING_MARKET (<100K),33
Ladakh,Oppo,55252,0.0,EMERGING_MARKET (<100K),34
Andaman & Nicobar Islands,Oppo,25844,0.0,EMERGING_MARKET (<100K),35
Lakshadweep,Oppo,3824,0.0,EMERGING_MARKET (<100K),36
Uttar Pradesh,Others,12594012,0.12,EXCELLENT_LEADER (>5M),1
Maharashtra,Others,10545708,0.1,EXCELLENT_LEADER (>5M),2
West Bengal,Others,8785336,0.09,EXCELLENT_LEADER (>5M),3
Karnataka,Others,6700528,0.07,EXCELLENT_LEADER (>5M),4
Tamil Nadu,Others,6141092,0.06,EXCELLENT_LEADER (>5M),5
Rajasthan,Others,5857900,0.06,EXCELLENT_LEADER (>5M),6
Madhya Pradesh,Others,5694176,0.06,EXCELLENT_LEADER (>5M),7
Andhra Pradesh,Others,5239948,0.05,EXCELLENT_LEADER (>5M),8
Bihar,Others,4821964,0.05,STRONG_PERFORMER (1-5M),9
Telangana,Others,4056720,0.04,STRONG_PERFORMER (1-5M),10
Odisha,Others,3796600,0.04,STRONG_PERFORMER (1-5M),11
Gujarat,Others,3640344,0.04,STRONG_PERFORMER (1-5M),12
Delhi,Others,3618448,0.04,STRONG_PERFORMER (1-5M),13
Haryana,Others,3147392,0.03,STRONG_PERFORMER (1-5M),14
Kerala,Others,2235724,0.02,STRONG_PERFORMER (1-5M),15
Jharkhand,Others,1996136,0.02,STRONG_PERFORMER (1-5M),16
Assam,Others,1563388,0.02,STRONG_PERFORMER (1-5M),17
Punjab,Others,1389320,0.01,STRONG_PERFORMER (1-5M),18
Chhattisgarh,Others,1379720,0.01,STRONG_PERFORMER (1-5M),19
Uttarakhand,Others,1157604,0.01,STRONG_PERFORMER (1-5M),20
Himachal Pradesh,Others,955164,0.01,MODERATE_GROWTH (100K-1M),21
Jammu & Kashmir,Others,318044,0.0,MODERATE_GROWTH (100K-1M),22
Tripura,Others,218124,0.0,MODERATE_GROWTH (100K-1M),23
Goa,Others,204664,0.0,MODERATE_GROWTH (100K-1M),24
Chandigarh,Others,131804,0.0,MODERATE_GROWTH (100K-1M),25
Meghalaya,Others,119340,0.0,MODERATE_GROWTH (100K-1M),26
Nagaland,Others,117484,0.0,MODERATE_GROWTH (100K-1M),27
Puducherry,Others,114624,0.0,MODERATE_GROWTH (100K-1M),28
Dadra & Nagar Haveli & Daman & Diu,Others,109184,0.0,MODERATE_GROWTH (100K-1M),29
Manipur,Others,72384,0.0,EMERGING_MARKET (<100K),30
Arunachal Pradesh,Others,68604,0.0,EMERGING_MARKET (<100K),31
Sikkim,Others,52560,0.0,EMERGING_MARKET (<100K),32
Mizoram,Others,33376,0.0,EMERGING_MARKET (<100K),33
Andaman & Nicobar Islands,Others,18232,0.0,EMERGING_MARKET (<100K),34
Ladakh,Others,12304,0.0,EMERGING_MARKET (<100K),35
Lakshadweep,Others,988,0.0,EMERGING_MARKET (<100K),36
Uttar Pradesh,Realme,15674844,0.15,EXCELLENT_LEADER (>5M),1
Maharashtra,Realme,12943648,0.13,EXCELLENT_LEADER (>5M),2
Andhra Pradesh,Realme,11456368,0.11,EXCELLENT_LEADER (>5M),3
Bihar,Realme,9772368,0.1,EXCELLENT_LEADER (>5M),4
West Bengal,Realme,8747836,0.09,EXCELLENT_LEADER (>5M),5
Telangana,Realme,7998984,0.08,EXCELLENT_LEADER (>5M),6
Madhya Pradesh,Realme,7741464,0.08,EXCELLENT_LEADER (>5M),7
Rajasthan,Realme,7428576,0.07,EXCELLENT_LEADER (>5M),8
Karnataka,Realme,7252736,0.07,EXCELLENT_LEADER (>5M),9
Tamil Nadu,Realme,5872424,0.06,EXCELLENT_LEADER (>5M),10
Odisha,Realme,5697432,0.06,EXCELLENT_LEADER (>5M),11
Gujarat,Realme,5088432,0.05,EXCELLENT_LEADER (>5M),12
Haryana,Realme,4174672,0.04,STRONG_PERFORMER (1-5M),13
Delhi,Realme,3858160,0.04,STRONG_PERFORMER (1-5M),14
Jharkhand,Realme,3553424,0.03,STRONG_PERFORMER (1-5M),15
Kerala,Realme,2821696,0.03,STRONG_PERFORMER (1-5M),16
Chhattisgarh,Realme,2519792,0.02,STRONG_PERFORMER (1-5M),17
Assam,Realme,2293264,0.02,STRONG_PERFORMER (1-5M),18
Punjab,Realme,1612248,0.02,STRONG_PERFORMER (1-5M),19
Uttarakhand,Realme,1348368,0.01,STRONG_PERFORMER (1-5M),20
Himachal Pradesh,Realme,799732,0.01,MODERATE_GROWTH (100K-1M),21
Jammu & Kashmir,Realme,493660,0.0,MODERATE_GROWTH (100K-1M),22
Tripura,Realme,313584,0.0,MODERATE_GROWTH (100K-1M),23
Goa,Realme,243480,0.0,MODERATE_GROWTH (100K-1M),24
Dadra & Nagar Haveli & Daman & Diu,Realme,179088,0.0,MODERATE_GROWTH (100K-1M),25
Arunachal Pradesh,Realme,145720,0.0,MODERATE_GROWTH (100K-1M),26
Chandigarh,Realme,123644,0.0,MODERATE_GROWTH (100K-1M),27
Puducherry,Realme,121628,0.0,MODERATE_GROWTH (100K-1M),28
Meghalaya,Realme,113416,0.0,MODERATE_GROWTH (100K-1M),29
Manipur,Realme,98980,0.0,EMERGING_MARKET (<100K),30
Nagaland,Realme,98900,0.0,EMERGING_MARKET (<100K),31
Sikkim,Realme,59084,0.0,EMERGING_MARKET (<100K),32
Mizoram,Realme,33692,0.0,EMERGING_MARKET (<100K),33
Ladakh,Realme,31408,0.0,EMERGING_MARKET (<100K),34
Andaman & Nicobar Islands,Realme,27076,0.0,EMERGING_MARKET (<100K),35
Lakshadweep,Realme,2028,0.0,EMERGING_MARKET (<100K),36
Maharashtra,Samsung,37788824,0.37,EXCELLENT_LEADER (>5M),1
Uttar Pradesh,Samsung,26408428,0.26,EXCELLENT_LEADER (>5M),2
Karnataka,Samsung,22565100,0.22,EXCELLENT_LEADER (>5M),3
West Bengal,Samsung,16934392,0.17,EXCELLENT_LEADER (>5M),4
Andhra Pradesh,Samsung,16497184,0.16,EXCELLENT_LEADER (>5M),5
Telangana,Samsung,16015364,0.16,EXCELLENT_LEADER (>5M),6
Rajasthan,Samsung,15550752,0.15,EXCELLENT_LEADER (>5M),7
Tamil Nadu,Samsung,15102800,0.15,EXCELLENT_LEADER (>5M),8
Gujarat,Samsung,14047048,0.14,EXCELLENT_LEADER (>5M),9
Bihar,Samsung,13135252,0.13,EXCELLENT_LEADER (>5M),10
Madhya Pradesh,Samsung,12036272,0.12,EXCELLENT_LEADER (>5M),11
Delhi,Samsung,9281840,0.09,EXCELLENT_LEADER (>5M),12
Haryana,Samsung,9036964,0.09,EXCELLENT_LEADER (>5M),13
Odisha,Samsung,7449880,0.07,EXCELLENT_LEADER (>5M),14
Kerala,Samsung,7304136,0.07,EXCELLENT_LEADER (>5M),15
Punjab,Samsung,5909032,0.06,EXCELLENT_LEADER (>5M),16
Jharkhand,Samsung,4522880,0.04,STRONG_PERFORMER (1-5M),17
Chhattisgarh,Samsung,3375952,0.03,STRONG_PERFORMER (1-5M),18
Uttarakhand,Samsung,2653612,0.03,STRONG_PERFORMER (1-5M),19
Assam,Samsung,2310984,0.02,STRONG_PERFORMER (1-5M),20
Himachal Pradesh,Samsung,1216724,0.01,STRONG_PERFORMER (1-5M),21
Jammu & Kashmir,Samsung,1182520,0.01,STRONG_PERFORMER (1-5M),22
Goa,Samsung,585948,0.01,MODERATE_GROWTH (100K-1M),23
Tripura,Samsung,457000,0.0,MODERATE_GROWTH (100K-1M),24
Chandigarh,Samsung,401016,0.0,MODERATE_GROWTH (100K-1M),25
Puducherry,Samsung,325676,0.0,MODERATE_GROWTH (100K-1M),26
Dadra & Nagar Haveli & Daman & Diu,Samsung,253656,0.0,MODERATE_GROWTH (100K-1M),27
Manipur,Samsung,248168,0.0,MODERATE_GROWTH (100K-1M),28
Sikkim,Samsung,247984,0.0,MODERATE_GROWTH (100K-1M),29
Arunachal Pradesh,Samsung,224108,0.0,MODERATE_GROWTH (100K-1M),30
Meghalaya,Samsung,171600,0.0,MODERATE_GROWTH (100K-1M),31
Nagaland,Samsung,133244,0.0,MODERATE_GROWTH (100K-1M),32
Mizoram,Samsung,58608,0.0,EMERGING_MARKET (<100K),33
Ladakh,Samsung,58216,0.0,EMERGING_MARKET (<100K),34
Andaman & Nicobar Islands,Samsung,51820,0.0,EMERGING_MARKET (<100K),35
Lakshadweep,Samsung,3216,0.0,EMERGING_MARKET (<100K),36
Uttar Pradesh,Tecno,3024692,0.03,STRONG_PERFORMER (1-5M),1
Rajasthan,Tecno,2453516,0.02,STRONG_PERFORMER (1-5M),2
Maharashtra,Tecno,2288240,0.02,STRONG_PERFORMER (1-5M),3
Madhya Pradesh,Tecno,1699132,0.02,STRONG_PERFORMER (1-5M),4
Bihar,Tecno,1122576,0.01,STRONG_PERFORMER (1-5M),5
Gujarat,Tecno,893220,0.01,MODERATE_GROWTH (100K-1M),6
Delhi,Tecno,827616,0.01,MODERATE_GROWTH (100K-1M),7
Haryana,Tecno,739932,0.01,MODERATE_GROWTH (100K-1M),8
Jharkhand,Tecno,347348,0.0,MODERATE_GROWTH (100K-1M),9
Punjab,Tecno,298360,0.0,MODERATE_GROWTH (100K-1M),10
Chhattisgarh,Tecno,231016,0.0,MODERATE_GROWTH (100K-1M),11
Assam,Tecno,223828,0.0,MODERATE_GROWTH (100K-1M),12
Uttarakhand,Tecno,147748,0.0,MODERATE_GROWTH (100K-1M),13
Himachal Pradesh,Tecno,145356,0.0,MODERATE_GROWTH (100K-1M),14
Jammu & Kashmir,Tecno,47292,0.0,EMERGING_MARKET (<100K),15
Goa,Tecno,43120,0.0,EMERGING_MARKET (<100K),16
Dadra & Nagar Haveli & Daman & Diu,Tecno,33148,0.0,EMERGING_MARKET (<100K),17
Tripura,Tecno,25644,0.0,EMERGING_MARKET (<100K),18
Meghalaya,Tecno,13884,0.0,EMERGING_MARKET (<100K),19
Sikkim,Tecno,12588,0.0,EMERGING_MARKET (<100K),20
Andaman & Nicobar Islands,Tecno,7080,0.0,EMERGING_MARKET (<100K),21
Mizoram,Tecno,5068,0.0,EMERGING_MARKET (<100K),22
Maharashtra,Vivo,39495932,0.38,EXCELLENT_LEADER (>5M),1
Uttar Pradesh,Vivo,30309296,0.3,EXCELLENT_LEADER (>5M),2
Karnataka,Vivo,27608896,0.27,EXCELLENT_LEADER (>5M),3
Rajasthan,Vivo,25009300,0.24,EXCELLENT_LEADER (>5M),4
Gujarat,Vivo,19985088,0.19,EXCELLENT_LEADER (>5M),5
Tamil Nadu,Vivo,19294628,0.19,EXCELLENT_LEADER (>5M),6
Andhra Pradesh,Vivo,19091060,0.19,EXCELLENT_LEADER (>5M),7
Madhya Pradesh,Vivo,18301136,0.18,EXCELLENT_LEADER (>5M),8
Telangana,Vivo,17886736,0.17,EXCELLENT_LEADER (>5M),9
West Bengal,Vivo,14608816,0.14,EXCELLENT_LEADER (>5M),10
Bihar,Vivo,12250196,0.12,EXCELLENT_LEADER (>5M),11
Haryana,Vivo,11071624,0.11,EXCELLENT_LEADER (>5M),12
Delhi,Vivo,10346996,0.1,EXCELLENT_LEADER (>5M),13
Odisha,Vivo,8737544,0.09,EXCELLENT_LEADER (>5M),14
Chhattisgarh,Vivo,6125276,0.06,EXCELLENT_LEADER (>5M),15
Punjab,Vivo,6092724,0.06,EXCELLENT_LEADER (>5M),16
Kerala,Vivo,5322488,0.05,EXCELLENT_LEADER (>5M),17
Jharkhand,Vivo,5172856,0.05,EXCELLENT_LEADER (>5M),18
Assam,Vivo,3797196,0.04,STRONG_PERFORMER (1-5M),19
Uttarakhand,Vivo,2803488,0.03,STRONG_PERFORMER (1-5M),20
Himachal Pradesh,Vivo,1296008,0.01,STRONG_PERFORMER (1-5M),21
Jammu & Kashmir,Vivo,969728,0.01,MODERATE_GROWTH (100K-1M),22
Goa,Vivo,473792,0.0,MODERATE_GROWTH (100K-1M),23
Dadra & Nagar Haveli & Daman & Diu,Vivo,446796,0.0,MODERATE_GROWTH (100K-1M),24
Chandigarh,Vivo,414692,0.0,MODERATE_GROWTH (100K-1M),25
Puducherry,Vivo,396316,0.0,MODERATE_GROWTH (100K-1M),26
Arunachal Pradesh,Vivo,315052,0.0,MODERATE_GROWTH (100K-1M),27
Tripura,Vivo,299336,0.0,MODERATE_GROWTH (100K-1M),28
Manipur,Vivo,206592,0.0,MODERATE_GROWTH (100K-1M),29
Nagaland,Vivo,195444,0.0,MODERATE_GROWTH (100K-1M),30
Meghalaya,Vivo,165224,0.0,MODERATE_GROWTH (100K-1M),31
Sikkim,Vivo,149608,0.0,MODERATE_GROWTH (100K-1M),32
Mizoram,Vivo,94444,0.0,EMERGING_MARKET (<100K),33
Ladakh,Vivo,82716,0.0,EMERGING_MARKET (<100K),34
Andaman & Nicobar Islands,Vivo,74752,0.0,EMERGING_MARKET (<100K),35
Lakshadweep,Vivo,5764,0.0,EMERGING_MARKET (<100K),36
Maharashtra,Xiaomi,45363760,0.44,EXCELLENT_LEADER (>5M),1
Uttar Pradesh,Xiaomi,37094604,0.36,EXCELLENT_LEADER (>5M),2
Karnataka,Xiaomi,30480736,0.3,EXCELLENT_LEADER (>5M),3
Andhra Pradesh,Xiaomi,22973528,0.22,EXCELLENT_LEADER (>5M),4
West Bengal,Xiaomi,22344960,0.22,EXCELLENT_LEADER (>5M),5
Telangana,Xiaomi,22036032,0.21,EXCELLENT_LEADER (>5M),6
Tamil Nadu,Xiaomi,19914232,0.19,EXCELLENT_LEADER (>5M),7
Bihar,Xiaomi,19552792,0.19,EXCELLENT_LEADER (>5M),8
Madhya Pradesh,Xiaomi,18713928,0.18,EXCELLENT_LEADER (>5M),9
Rajasthan,Xiaomi,18482568,0.18,EXCELLENT_LEADER (>5M),10
Gujarat,Xiaomi,15371064,0.15,EXCELLENT_LEADER (>5M),11
Odisha,Xiaomi,12953756,0.13,EXCELLENT_LEADER (>5M),12
Delhi,Xiaomi,12621056,0.12,EXCELLENT_LEADER (>5M),13
Haryana,Xiaomi,11351916,0.11,EXCELLENT_LEADER (>5M),14
Kerala,Xiaomi,8393480,0.08,EXCELLENT_LEADER (>5M),15
Jharkhand,Xiaomi,7478624,0.07,EXCELLENT_LEADER (>5M),16
Punjab,Xiaomi,6479704,0.06,EXCELLENT_LEADER (>5M),17
Chhattisgarh,Xiaomi,5205548,0.05,EXCELLENT_LEADER (>5M),18
Assam,Xiaomi,4379316,0.04,STRONG_PERFORMER (1-5M),19
Uttarakhand,Xiaomi,3231212,0.03,STRONG_PERFORMER (1-5M),20
Himachal Pradesh,Xiaomi,2461676,0.02,STRONG_PERFORMER (1-5M),21
Jammu & Kashmir,Xiaomi,2142748,0.02,STRONG_PERFORMER (1-5M),22
Manipur,Xiaomi,773492,0.01,MODERATE_GROWTH (100K-1M),23
Goa,Xiaomi,725064,0.01,MODERATE_GROWTH (100K-1M),24
Tripura,Xiaomi,574396,0.01,MODERATE_GROWTH (100K-1M),25
Chandigarh,Xiaomi,472308,0.0,MODERATE_GROWTH (100K-1M),26
Puducherry,Xiaomi,400324,0.0,MODERATE_GROWTH (100K-1M),27
Dadra & Nagar Haveli & Daman & Diu,Xiaomi,357784,0.0,MODERATE_GROWTH (100K-1M),28
Nagaland,Xiaomi,346000,0.0,MODERATE_GROWTH (100K-1M),29
Arunachal Pradesh,Xiaomi,303708,0.0,MODERATE_GROWTH (100K-1M),30
Meghalaya,Xiaomi,241692,0.0,MODERATE_GROWTH (100K-1M),31
Sikkim,Xiaomi,167464,0.0,MODERATE_GROWTH (100K-1M),32
Mizoram,Xiaomi,142716,0.0,MODERATE_GROWTH (100K-1M),33
Ladakh,Xiaomi,97840,0.0,EMERGING_MARKET (<100K),34
Andaman & Nicobar Islands,Xiaomi,71828,0.0,EMERGING_MARKET (<100K),35
Lakshadweep,Xiaomi,4812,0.0,EMERGING_MARKET (<100K),36
