year,quarter,level,region,category,type,count,amount
2020,2,country,india,Insurance,TOTAL,185348,33732166.0
2020,3,country,india,Insurance,TOTAL,354284,89495076.0
2020,4,country,india,Insurance,TOTAL,248626,170979933.0
2021,1,country,india,Insurance,TOTAL,318119,206307024.0
2021,2,country,india,Insurance,TOTAL,363989,295066678.0
2021,3,country,india,Insurance,TOTAL,374867,342403352.0
2021,4,country,india,Insurance,TOTAL,526327,655431877.0
2022,1,country,india,Insurance,TOTAL,617606,887447241.0
2022,2,country,india,Insurance,TOTAL,630758,857034846.0
2022,3,country,india,Insurance,TOTAL,806491,1054717869.0
2022,4,country,india,Insurance,TOTAL,1035364,1439762739.0
2023,1,country,india,Insurance,TOTAL,923173,1408801224.0
2023,2,country,india,Insurance,TOTAL,893850,1347399873.0
2023,3,country,india,Insurance,TOTAL,1010211,1445234680.0
2023,4,country,india,Insurance,TOTAL,1159063,1855299766.0
2024,1,country,india,Insurance,TOTAL,1273789,1931955654.0
2024,2,country,india,Insurance,TOTAL,1105041,1759627894.0
2024,3,country,india,Insurance,TOTAL,1213629,1941265641.0
2024,4,country,india,Insurance,TOTAL,1475429,2293956286.0
2020,2,state,Andaman & Nicobar Islands,Insurance,TOTAL,6,1360.0
2020,3,state,Andaman & Nicobar Islands,Insurance,TOTAL,41,15380.0
2020,4,state,Andaman & Nicobar Islands,Insurance,TOTAL,124,157975.0
2021,1,state,Andaman & Nicobar Islands,Insurance,TOTAL,225,244266.0
2021,2,state,Andaman & Nicobar Islands,Insurance,TOTAL,137,181504.0
2021,3,state,Andaman & Nicobar Islands,Insurance,TOTAL,230,305235.0
2021,4,state,Andaman & Nicobar Islands,Insurance,TOTAL,757,1056380.0
2022,1,state,Andaman & Nicobar Islands,Insurance,TOTAL,768,1131287.0
2022,2,state,Andaman & Nicobar Islands,Insurance,TOTAL,501,779740.0
2022,3,state,Andaman & Nicobar Islands,Insurance,TOTAL,643,902466.0
2022,4,state,Andaman & Nicobar Islands,Insurance,TOTAL,901,1441210.0
2023,1,state,Andaman & Nicobar Islands,Insurance,TOTAL,1004,1439198.0
2023,2,state,Andaman & Nicobar Islands,Insurance,TOTAL,768,1233395.0
2023,3,state,Andaman & Nicobar Islands,Insurance,TOTAL,795,1251145.0
2023,4,state,Andaman & Nicobar Islands,Insurance,TOTAL,1145,1757821.0
2024,1,state,Andaman & Nicobar Islands,Insurance,TOTAL,1371,1964556.0
2024,2,state,Andaman & Nicobar Islands,Insurance,TOTAL,1097,1744694.0
2024,3,state,Andaman & Nicobar Islands,Insurance,TOTAL,1191,1752800.0
2024,4,state,Andaman & Nicobar Islands,Insurance,TOTAL,1293,2026380.0
2020,2,state,Andhra Pradesh,Insurance,TOTAL,22104,3982391.0
2020,3,state,Andhra Pradesh,Insurance,TOTAL,49812,12426481.0
2020,4,state,Andhra Pradesh,Insurance,TOTAL,21464,12985632.0
2021,1,state,Andhra Pradesh,Insurance,TOTAL,22105,12749874.0
2021,2,state,Andhra Pradesh,Insurance,TOTAL,33205,22730687.0
2021,3,state,Andhra Pradesh,Insurance,TOTAL,23075,19914338.0
2021,4,state,Andhra Pradesh,Insurance,TOTAL,25423,31610335.0
2022,1,state,Andhra Pradesh,Insurance,TOTAL,29954,42648157.0
2022,2,state,Andhra Pradesh,Insurance,TOTAL,32185,41708072.0
2022,3,state,Andhra Pradesh,Insurance,TOTAL,39301,48791931.0
2022,4,state,Andhra Pradesh,Insurance,TOTAL,44329,58043239.0
2023,1,state,Andhra Pradesh,Insurance,TOTAL,34920,51963355.0
2023,2,state,Andhra Pradesh,Insurance,TOTAL,36376,52067478.0
2023,3,state,Andhra Pradesh,Insurance,TOTAL,43150,57802396.0
2023,4,state,Andhra Pradesh,Insurance,TOTAL,41798,62342423.0
2024,1,state,Andhra Pradesh,Insurance,TOTAL,46582,63563802.0
2024,2,state,Andhra Pradesh,Insurance,TOTAL,42547,62948281.0
2024,3,state,Andhra Pradesh,Insurance,TOTAL,48014,73915199.0
2024,4,state,Andhra Pradesh,Insurance,TOTAL,61425,80028914.0
2020,2,state,Arunachal Pradesh,Insurance,TOTAL,65,14329.0
2020,3,state,Arunachal Pradesh,Insurance,TOTAL,135,39687.0
2020,4,state,Arunachal Pradesh,Insurance,TOTAL,125,84247.0
2021,1,state,Arunachal Pradesh,Insurance,TOTAL,194,131611.0
2021,2,state,Arunachal Pradesh,Insurance,TOTAL,204,224928.0
2021,3,state,Arunachal Pradesh,Insurance,TOTAL,212,371051.0
2021,4,state,Arunachal Pradesh,Insurance,TOTAL,320,598459.0
2022,1,state,Arunachal Pradesh,Insurance,TOTAL,355,894107.0
2022,2,state,Arunachal Pradesh,Insurance,TOTAL,564,1360231.0
2022,3,state,Arunachal Pradesh,Insurance,TOTAL,510,1300304.0
2022,4,state,Arunachal Pradesh,Insurance,TOTAL,613,1464572.0
2023,1,state,Arunachal Pradesh,Insurance,TOTAL,606,1747475.0
2023,2,state,Arunachal Pradesh,Insurance,TOTAL,696,2095988.0
2023,3,state,Arunachal Pradesh,Insurance,TOTAL,718,1904786.0
2023,4,state,Arunachal Pradesh,Insurance,TOTAL,809,2105408.0
2024,1,state,Arunachal Pradesh,Insurance,TOTAL,1100,2419700.0
2024,2,state,Arunachal Pradesh,Insurance,TOTAL,1147,2353015.0
2024,3,state,Arunachal Pradesh,Insurance,TOTAL,842,1951385.0
2024,4,state,Arunachal Pradesh,Insurance,TOTAL,999,2359472.0
2020,2,state,Assam,Insurance,TOTAL,978,210034.0
2020,3,state,Assam,Insurance,TOTAL,2206,599450.0
2020,4,state,Assam,Insurance,TOTAL,2413,1806801.0
2021,1,state,Assam,Insurance,TOTAL,3167,2334419.0
2021,2,state,Assam,Insurance,TOTAL,3265,3008122.0
2021,3,state,Assam,Insurance,TOTAL,4495,6010865.0
2021,4,state,Assam,Insurance,TOTAL,8622,13962068.0
2022,1,state,Assam,Insurance,TOTAL,16230,27447766.0
2022,2,state,Assam,Insurance,TOTAL,9228,15357811.0
2022,3,state,Assam,Insurance,TOTAL,14149,22543564.0
2022,4,state,Assam,Insurance,TOTAL,18826,29239168.0
2023,1,state,Assam,Insurance,TOTAL,22100,36963888.0
2023,2,state,Assam,Insurance,TOTAL,16475,28368139.0
2023,3,state,Assam,Insurance,TOTAL,22593,35618158.0
2023,4,state,Assam,Insurance,TOTAL,23168,38731734.0
2024,1,state,Assam,Insurance,TOTAL,33097,48107248.0
2024,2,state,Assam,Insurance,TOTAL,22368,34796603.0
2024,3,state,Assam,Insurance,TOTAL,17633,31388971.0
2024,4,state,Assam,Insurance,TOTAL,21805,35336229.0
2020,2,state,Bihar,Insurance,TOTAL,2816,595621.0
2020,3,state,Bihar,Insurance,TOTAL,9733,2161102.0
2020,4,state,Bihar,Insurance,TOTAL,9913,7860932.0
2021,1,state,Bihar,Insurance,TOTAL,12554,8796619.0
2021,2,state,Bihar,Insurance,TOTAL,14301,13301581.0
2021,3,state,Bihar,Insurance,TOTAL,18030,18234941.0
2021,4,state,Bihar,Insurance,TOTAL,22456,27313813.0
2022,1,state,Bihar,Insurance,TOTAL,20253,27755736.0
2022,2,state,Bihar,Insurance,TOTAL,21892,28212833.0
2022,3,state,Bihar,Insurance,TOTAL,28511,34704251.0
2022,4,state,Bihar,Insurance,TOTAL,33895,43914519.0
2023,1,state,Bihar,Insurance,TOTAL,26929,38746711.0
2023,2,state,Bihar,Insurance,TOTAL,29212,40354886.0
2023,3,state,Bihar,Insurance,TOTAL,36550,45832355.0
2023,4,state,Bihar,Insurance,TOTAL,41447,57624322.0
2024,1,state,Bihar,Insurance,TOTAL,51592,63844442.0
2024,2,state,Bihar,Insurance,TOTAL,49101,65285065.0
2024,3,state,Bihar,Insurance,TOTAL,44745,62777286.0
2024,4,state,Bihar,Insurance,TOTAL,62662,83739800.0
2020,2,state,Chandigarh,Insurance,TOTAL,149,29537.0
2020,3,state,Chandigarh,Insurance,TOTAL,264,70969.0
2020,4,state,Chandigarh,Insurance,TOTAL,200,153341.0
2021,1,state,Chandigarh,Insurance,TOTAL,338,238576.0
2021,2,state,Chandigarh,Insurance,TOTAL,378,310943.0
2021,3,state,Chandigarh,Insurance,TOTAL,494,469634.0
2021,4,state,Chandigarh,Insurance,TOTAL,710,835813.0
2022,1,state,Chandigarh,Insurance,TOTAL,792,1150932.0
2022,2,state,Chandigarh,Insurance,TOTAL,1330,1874959.0
2022,3,state,Chandigarh,Insurance,TOTAL,1533,1998439.0
2022,4,state,Chandigarh,Insurance,TOTAL,1403,2024528.0
2023,1,state,Chandigarh,Insurance,TOTAL,1520,2415574.0
2023,2,state,Chandigarh,Insurance,TOTAL,1704,2501107.0
2023,3,state,Chandigarh,Insurance,TOTAL,1883,2660630.0
2023,4,state,Chandigarh,Insurance,TOTAL,1767,3053934.0
2024,1,state,Chandigarh,Insurance,TOTAL,1730,3143984.0
2024,2,state,Chandigarh,Insurance,TOTAL,1798,3177315.0
2024,3,state,Chandigarh,Insurance,TOTAL,1991,3445738.0
2024,4,state,Chandigarh,Insurance,TOTAL,2095,3729932.0
2020,2,state,Chhattisgarh,Insurance,TOTAL,1346,279005.0
2020,3,state,Chhattisgarh,Insurance,TOTAL,4702,1393656.0
2020,4,state,Chhattisgarh,Insurance,TOTAL,3757,2249901.0
2021,1,state,Chhattisgarh,Insurance,TOTAL,4712,2620468.0
2021,2,state,Chhattisgarh,Insurance,TOTAL,5055,3813417.0
2021,3,state,Chhattisgarh,Insurance,TOTAL,4676,3568837.0
2021,4,state,Chhattisgarh,Insurance,TOTAL,6029,8229039.0
2022,1,state,Chhattisgarh,Insurance,TOTAL,6612,10139190.0
2022,2,state,Chhattisgarh,Insurance,TOTAL,7008,10119964.0
2022,3,state,Chhattisgarh,Insurance,TOTAL,8849,12119470.0
2022,4,state,Chhattisgarh,Insurance,TOTAL,11994,18137856.0
2023,1,state,Chhattisgarh,Insurance,TOTAL,10460,16577191.0
2023,2,state,Chhattisgarh,Insurance,TOTAL,10514,16389610.0
2023,3,state,Chhattisgarh,Insurance,TOTAL,11927,17838382.0
2023,4,state,Chhattisgarh,Insurance,TOTAL,17300,29704673.0
2024,1,state,Chhattisgarh,Insurance,TOTAL,19579,30083259.0
2024,2,state,Chhattisgarh,Insurance,TOTAL,15724,25935743.0
2024,3,state,Chhattisgarh,Insurance,TOTAL,16550,27724060.0
2024,4,state,Chhattisgarh,Insurance,TOTAL,22723,37421165.0
2020,2,state,Dadra & Nagar Haveli & Daman & Diu,Insurance,TOTAL,651,101029.0
2020,3,state,Dadra & Nagar Haveli & Daman & Diu,Insurance,TOTAL,257,65504.0
2020,4,state,Dadra & Nagar Haveli & Daman & Diu,Insurance,TOTAL,232,149513.0
2021,1,state,Dadra & Nagar Haveli & Daman & Diu,Insurance,TOTAL,467,285691.0
2021,2,state,Dadra & Nagar Haveli & Daman & Diu,Insurance,TOTAL,368,275638.0
2021,3,state,Dadra & Nagar Haveli & Daman & Diu,Insurance,TOTAL,360,273596.0
2021,4,state,Dadra & Nagar Haveli & Daman & Diu,Insurance,TOTAL,421,425384.0
2022,1,state,Dadra & Nagar Haveli & Daman & Diu,Insurance,TOTAL,493,720741.0
2022,2,state,Dadra & Nagar Haveli & Daman & Diu,Insurance,TOTAL,438,686857.0
2022,3,state,Dadra & Nagar Haveli & Daman & Diu,Insurance,TOTAL,707,983776.0
2022,4,state,Dadra & Nagar Haveli & Daman & Diu,Insurance,TOTAL,871,1272628.0
2023,1,state,Dadra & Nagar Haveli & Daman & Diu,Insurance,TOTAL,799,1215168.0
2023,2,state,Dadra & Nagar Haveli & Daman & Diu,Insurance,TOTAL,694,1058753.0
2023,3,state,Dadra & Nagar Haveli & Daman & Diu,Insurance,TOTAL,969,1333103.0
2023,4,state,Dadra & Nagar Haveli & Daman & Diu,Insurance,TOTAL,1207,1973867.0
2024,1,state,Dadra & Nagar Haveli & Daman & Diu,Insurance,TOTAL,1295,1908509.0
2024,2,state,Dadra & Nagar Haveli & Daman & Diu,Insurance,TOTAL,1008,1367259.0
2024,3,state,Dadra & Nagar Haveli & Daman & Diu,Insurance,TOTAL,1052,1602869.0
2024,4,state,Dadra & Nagar Haveli & Daman & Diu,Insurance,TOTAL,1503,2292529.0
2020,2,state,Delhi,Insurance,TOTAL,11716,1897480.0
2020,3,state,Delhi,Insurance,TOTAL,7588,1927285.0
2020,4,state,Delhi,Insurance,TOTAL,9725,8045442.0
2021,1,state,Delhi,Insurance,TOTAL,12822,9655261.0
2021,2,state,Delhi,Insurance,TOTAL,13292,10840929.0
2021,3,state,Delhi,Insurance,TOTAL,16679,15007079.0
2021,4,state,Delhi,Insurance,TOTAL,34251,36578331.0
2022,1,state,Delhi,Insurance,TOTAL,28232,35442069.0
2022,2,state,Delhi,Insurance,TOTAL,26378,31787281.0
2022,3,state,Delhi,Insurance,TOTAL,35944,41570160.0
2022,4,state,Delhi,Insurance,TOTAL,48908,60603173.0
2023,1,state,Delhi,Insurance,TOTAL,45821,61040038.0
2023,2,state,Delhi,Insurance,TOTAL,41358,54951108.0
2023,3,state,Delhi,Insurance,TOTAL,47113,58878500.0
2023,4,state,Delhi,Insurance,TOTAL,56336,77332401.0
2024,1,state,Delhi,Insurance,TOTAL,53050,76232346.0
2024,2,state,Delhi,Insurance,TOTAL,46189,68046072.0
2024,3,state,Delhi,Insurance,TOTAL,49150,71139489.0
2024,4,state,Delhi,Insurance,TOTAL,67962,94390728.0
2020,2,state,Goa,Insurance,TOTAL,341,71100.0
2020,3,state,Goa,Insurance,TOTAL,683,196864.0
2020,4,state,Goa,Insurance,TOTAL,614,682364.0
2021,1,state,Goa,Insurance,TOTAL,879,827384.0
2021,2,state,Goa,Insurance,TOTAL,1016,1028339.0
2021,3,state,Goa,Insurance,TOTAL,1214,1385986.0
2021,4,state,Goa,Insurance,TOTAL,2087,2737316.0
2022,1,state,Goa,Insurance,TOTAL,2634,3865245.0
2022,2,state,Goa,Insurance,TOTAL,3524,5093510.0
2022,3,state,Goa,Insurance,TOTAL,3157,4142108.0
2022,4,state,Goa,Insurance,TOTAL,4388,6190669.0
2023,1,state,Goa,Insurance,TOTAL,4097,5859549.0
2023,2,state,Goa,Insurance,TOTAL,4166,5930801.0
2023,3,state,Goa,Insurance,TOTAL,3927,5646054.0
2023,4,state,Goa,Insurance,TOTAL,4883,7411001.0
2024,1,state,Goa,Insurance,TOTAL,5225,7528093.0
2024,2,state,Goa,Insurance,TOTAL,5021,7178558.0
2024,3,state,Goa,Insurance,TOTAL,5354,8051690.0
2024,4,state,Goa,Insurance,TOTAL,6662,9903374.0
2020,2,state,Gujarat,Insurance,TOTAL,7697,1430591.0
2020,3,state,Gujarat,Insurance,TOTAL,12525,3335812.0
2020,4,state,Gujarat,Insurance,TOTAL,9990,6055037.0
2021,1,state,Gujarat,Insurance,TOTAL,12673,7288104.0
2021,2,state,Gujarat,Insurance,TOTAL,14676,10263998.0
2021,3,state,Gujarat,Insurance,TOTAL,15348,12341903.0
2021,4,state,Gujarat,Insurance,TOTAL,19142,23282921.0
2022,1,state,Gujarat,Insurance,TOTAL,22221,29953433.0
2022,2,state,Gujarat,Insurance,TOTAL,25381,32090965.0
2022,3,state,Gujarat,Insurance,TOTAL,31302,37557227.0
2022,4,state,Gujarat,Insurance,TOTAL,36418,50629325.0
2023,1,state,Gujarat,Insurance,TOTAL,32600,46937694.0
2023,2,state,Gujarat,Insurance,TOTAL,32484,46254095.0
2023,3,state,Gujarat,Insurance,TOTAL,51049,65768085.0
2023,4,state,Gujarat,Insurance,TOTAL,41128,66735446.0
2024,1,state,Gujarat,Insurance,TOTAL,44665,62633910.0
2024,2,state,Gujarat,Insurance,TOTAL,44007,63866463.0
2024,3,state,Gujarat,Insurance,TOTAL,46763,70950327.0
2024,4,state,Gujarat,Insurance,TOTAL,62526,91858105.0
2020,2,state,Haryana,Insurance,TOTAL,6321,1179814.0
2020,3,state,Haryana,Insurance,TOTAL,7139,1884868.0
2020,4,state,Haryana,Insurance,TOTAL,8283,5974278.0
2021,1,state,Haryana,Insurance,TOTAL,11038,7297880.0
2021,2,state,Haryana,Insurance,TOTAL,12516,11272453.0
2021,3,state,Haryana,Insurance,TOTAL,14163,13215898.0
2021,4,state,Haryana,Insurance,TOTAL,19489,25885838.0
2022,1,state,Haryana,Insurance,TOTAL,22783,32526943.0
2022,2,state,Haryana,Insurance,TOTAL,25352,33759068.0
2022,3,state,Haryana,Insurance,TOTAL,35346,45402800.0
2022,4,state,Haryana,Insurance,TOTAL,37971,56627115.0
2023,1,state,Haryana,Insurance,TOTAL,37287,61127194.0
2023,2,state,Haryana,Insurance,TOTAL,40710,62186066.0
2023,3,state,Haryana,Insurance,TOTAL,42815,61782311.0
2023,4,state,Haryana,Insurance,TOTAL,47506,80747159.0
2024,1,state,Haryana,Insurance,TOTAL,50391,81816509.0
2024,2,state,Haryana,Insurance,TOTAL,46085,74779879.0
2024,3,state,Haryana,Insurance,TOTAL,49735,79198642.0
2024,4,state,Haryana,Insurance,TOTAL,58808,94316512.0
2020,2,state,Himachal Pradesh,Insurance,TOTAL,392,77936.0
2020,3,state,Himachal Pradesh,Insurance,TOTAL,531,165559.0
2020,4,state,Himachal Pradesh,Insurance,TOTAL,710,630966.0
2021,1,state,Himachal Pradesh,Insurance,TOTAL,1064,906492.0
2021,2,state,Himachal Pradesh,Insurance,TOTAL,1210,1402338.0
2021,3,state,Himachal Pradesh,Insurance,TOTAL,1759,2444545.0
2021,4,state,Himachal Pradesh,Insurance,TOTAL,2474,4667661.0
2022,1,state,Himachal Pradesh,Insurance,TOTAL,2768,5234739.0
2022,2,state,Himachal Pradesh,Insurance,TOTAL,2831,5371078.0
2022,3,state,Himachal Pradesh,Insurance,TOTAL,3641,6161692.0
2022,4,state,Himachal Pradesh,Insurance,TOTAL,4565,9060436.0
2023,1,state,Himachal Pradesh,Insurance,TOTAL,3909,7826133.0
2023,2,state,Himachal Pradesh,Insurance,TOTAL,4197,8499425.0
2023,3,state,Himachal Pradesh,Insurance,TOTAL,3935,7869767.0
2023,4,state,Himachal Pradesh,Insurance,TOTAL,5211,11898824.0
2024,1,state,Himachal Pradesh,Insurance,TOTAL,5430,10433254.0
2024,2,state,Himachal Pradesh,Insurance,TOTAL,5194,10008705.0
2024,3,state,Himachal Pradesh,Insurance,TOTAL,5272,10538999.0
2024,4,state,Himachal Pradesh,Insurance,TOTAL,6697,14090523.0
2020,2,state,Jammu & Kashmir,Insurance,TOTAL,206,48484.0
2020,3,state,Jammu & Kashmir,Insurance,TOTAL,441,133339.0
2020,4,state,Jammu & Kashmir,Insurance,TOTAL,647,734861.0
2021,1,state,Jammu & Kashmir,Insurance,TOTAL,1105,1546288.0
2021,2,state,Jammu & Kashmir,Insurance,TOTAL,1197,1832089.0
2021,3,state,Jammu & Kashmir,Insurance,TOTAL,1452,2139133.0
2021,4,state,Jammu & Kashmir,Insurance,TOTAL,3113,5223317.0
2022,1,state,Jammu & Kashmir,Insurance,TOTAL,3584,7244267.0
2022,2,state,Jammu & Kashmir,Insurance,TOTAL,4071,7729792.0
2022,3,state,Jammu & Kashmir,Insurance,TOTAL,4794,8281826.0
2022,4,state,Jammu & Kashmir,Insurance,TOTAL,5031,10111183.0
2023,1,state,Jammu & Kashmir,Insurance,TOTAL,4555,10275877.0
2023,2,state,Jammu & Kashmir,Insurance,TOTAL,5262,10974839.0
2023,3,state,Jammu & Kashmir,Insurance,TOTAL,5453,10975874.0
2023,4,state,Jammu & Kashmir,Insurance,TOTAL,6264,13932309.0
2024,1,state,Jammu & Kashmir,Insurance,TOTAL,7313,14695182.0
2024,2,state,Jammu & Kashmir,Insurance,TOTAL,7397,14237707.0
2024,3,state,Jammu & Kashmir,Insurance,TOTAL,7597,15554635.0
2024,4,state,Jammu & Kashmir,Insurance,TOTAL,8893,18252110.0
2020,2,state,Jharkhand,Insurance,TOTAL,2063,405031.0
2020,3,state,Jharkhand,Insurance,TOTAL,5368,1349934.0
2020,4,state,Jharkhand,Insurance,TOTAL,3659,2857024.0
2021,1,state,Jharkhand,Insurance,TOTAL,4879,3274851.0
2021,2,state,Jharkhand,Insurance,TOTAL,5180,5084230.0
2021,3,state,Jharkhand,Insurance,TOTAL,6794,7046048.0
2021,4,state,Jharkhand,Insurance,TOTAL,8465,11190423.0
2022,1,state,Jharkhand,Insurance,TOTAL,9373,13819466.0
2022,2,state,Jharkhand,Insurance,TOTAL,9477,13464840.0
2022,3,state,Jharkhand,Insurance,TOTAL,14388,18156857.0
2022,4,state,Jharkhand,Insurance,TOTAL,16779,23147805.0
2023,1,state,Jharkhand,Insurance,TOTAL,16108,23823406.0
2023,2,state,Jharkhand,Insurance,TOTAL,16662,23216215.0
2023,3,state,Jharkhand,Insurance,TOTAL,19478,25165702.0
2023,4,state,Jharkhand,Insurance,TOTAL,22398,33484644.0
2024,1,state,Jharkhand,Insurance,TOTAL,24824,34332990.0
2024,2,state,Jharkhand,Insurance,TOTAL,22224,32245129.0
2024,3,state,Jharkhand,Insurance,TOTAL,23629,34353146.0
2024,4,state,Jharkhand,Insurance,TOTAL,29079,42253614.0
2020,2,state,Karnataka,Insurance,TOTAL,27358,4794150.0
2020,3,state,Karnataka,Insurance,TOTAL,53701,12407394.0
2020,4,state,Karnataka,Insurance,TOTAL,31747,26814968.0
2021,1,state,Karnataka,Insurance,TOTAL,37595,30183325.0
2021,2,state,Karnataka,Insurance,TOTAL,40969,39501006.0
2021,3,state,Karnataka,Insurance,TOTAL,47468,48078366.0
2021,4,state,Karnataka,Insurance,TOTAL,74436,90723288.0
2022,1,state,Karnataka,Insurance,TOTAL,95640,130733580.0
2022,2,state,Karnataka,Insurance,TOTAL,93385,123228632.0
2022,3,state,Karnataka,Insurance,TOTAL,110273,144605784.0
2022,4,state,Karnataka,Insurance,TOTAL,133971,185063287.0
2023,1,state,Karnataka,Insurance,TOTAL,127376,186543426.0
2023,2,state,Karnataka,Insurance,TOTAL,117232,175704013.0
2023,3,state,Karnataka,Insurance,TOTAL,139699,199448538.0
2023,4,state,Karnataka,Insurance,TOTAL,156076,248056311.0
2024,1,state,Karnataka,Insurance,TOTAL,169357,264708700.0
2024,2,state,Karnataka,Insurance,TOTAL,142599,239304982.0
2024,3,state,Karnataka,Insurance,TOTAL,174990,287393291.0
2024,4,state,Karnataka,Insurance,TOTAL,183532,305861806.0
2020,2,state,Kerala,Insurance,TOTAL,1588,360216.0
2020,3,state,Kerala,Insurance,TOTAL,8811,2830361.0
2020,4,state,Kerala,Insurance,TOTAL,5479,4445525.0
2021,1,state,Kerala,Insurance,TOTAL,5731,5040506.0
2021,2,state,Kerala,Insurance,TOTAL,9530,9676588.0
2021,3,state,Kerala,Insurance,TOTAL,10926,13255646.0
2021,4,state,Kerala,Insurance,TOTAL,19199,31260319.0
2022,1,state,Kerala,Insurance,TOTAL,37110,64172190.0
2022,2,state,Kerala,Insurance,TOTAL,35667,59920203.0
2022,3,state,Kerala,Insurance,TOTAL,54587,85390924.0
2022,4,state,Kerala,Insurance,TOTAL,65563,103982997.0
2023,1,state,Kerala,Insurance,TOTAL,62377,101786828.0
2023,2,state,Kerala,Insurance,TOTAL,61032,100620604.0
2023,3,state,Kerala,Insurance,TOTAL,66059,110021582.0
2023,4,state,Kerala,Insurance,TOTAL,73543,121905046.0
2024,1,state,Kerala,Insurance,TOTAL,73106,115101791.0
2024,2,state,Kerala,Insurance,TOTAL,65271,108142369.0
2024,3,state,Kerala,Insurance,TOTAL,79123,131721699.0
2024,4,state,Kerala,Insurance,TOTAL,89533,144083113.0
2020,2,state,Ladakh,Insurance,TOTAL,14,2538.0
2020,3,state,Ladakh,Insurance,TOTAL,33,10260.0
2020,4,state,Ladakh,Insurance,TOTAL,27,34206.0
2021,1,state,Ladakh,Insurance,TOTAL,32,34530.0
2021,2,state,Ladakh,Insurance,TOTAL,46,86251.0
2021,3,state,Ladakh,Insurance,TOTAL,192,174052.0
2021,4,state,Ladakh,Insurance,TOTAL,76,195966.0
2022,1,state,Ladakh,Insurance,TOTAL,75,193935.0
2022,2,state,Ladakh,Insurance,TOTAL,113,269446.0
2022,3,state,Ladakh,Insurance,TOTAL,137,369742.0
2022,4,state,Ladakh,Insurance,TOTAL,162,410091.0
2023,1,state,Ladakh,Insurance,TOTAL,161,495736.0
2023,2,state,Ladakh,Insurance,TOTAL,215,635831.0
2023,3,state,Ladakh,Insurance,TOTAL,232,649027.0
2023,4,state,Ladakh,Insurance,TOTAL,242,718967.0
2024,1,state,Ladakh,Insurance,TOTAL,291,614435.0
2024,2,state,Ladakh,Insurance,TOTAL,415,964349.0
2024,3,state,Ladakh,Insurance,TOTAL,446,978637.0
2024,4,state,Ladakh,Insurance,TOTAL,429,970334.0
2020,3,state,Lakshadweep,Insurance,TOTAL,4,1199.0
2021,1,state,Lakshadweep,Insurance,TOTAL,4,5225.0
2021,2,state,Lakshadweep,Insurance,TOTAL,5,6962.0
2021,3,state,Lakshadweep,Insurance,TOTAL,19,16034.0
2021,4,state,Lakshadweep,Insurance,TOTAL,11,17096.0
2022,1,state,Lakshadweep,Insurance,TOTAL,27,34664.0
2022,2,state,Lakshadweep,Insurance,TOTAL,18,27463.0
2022,3,state,Lakshadweep,Insurance,TOTAL,38,41504.0
2022,4,state,Lakshadweep,Insurance,TOTAL,15,27135.0
2023,1,state,Lakshadweep,Insurance,TOTAL,26,30199.0
2023,2,state,Lakshadweep,Insurance,TOTAL,15,38384.0
2023,3,state,Lakshadweep,Insurance,TOTAL,12,12407.0
2023,4,state,Lakshadweep,Insurance,TOTAL,53,78346.0
2024,1,state,Lakshadweep,Insurance,TOTAL,15,12935.0
2024,2,state,Lakshadweep,Insurance,TOTAL,26,33630.0
2024,3,state,Lakshadweep,Insurance,TOTAL,49,55312.0
2024,4,state,Lakshadweep,Insurance,TOTAL,159,185542.0
2020,2,state,Madhya Pradesh,Insurance,TOTAL,6283,1198701.0
2020,3,state,Madhya Pradesh,Insurance,TOTAL,14476,3496126.0
2020,4,state,Madhya Pradesh,Insurance,TOTAL,10653,4897124.0
2021,1,state,Madhya Pradesh,Insurance,TOTAL,14427,5567927.0
2021,2,state,Madhya Pradesh,Insurance,TOTAL,14803,9787391.0
2021,3,state,Madhya Pradesh,Insurance,TOTAL,11990,7806258.0
2021,4,state,Madhya Pradesh,Insurance,TOTAL,15069,17524432.0
2022,1,state,Madhya Pradesh,Insurance,TOTAL,13791,19901462.0
2022,2,state,Madhya Pradesh,Insurance,TOTAL,14629,20159098.0
2022,3,state,Madhya Pradesh,Insurance,TOTAL,22733,29185118.0
2022,4,state,Madhya Pradesh,Insurance,TOTAL,29234,42712883.0
2023,1,state,Madhya Pradesh,Insurance,TOTAL,26393,45135679.0
2023,2,state,Madhya Pradesh,Insurance,TOTAL,27027,44871764.0
2023,3,state,Madhya Pradesh,Insurance,TOTAL,29300,46963348.0
2023,4,state,Madhya Pradesh,Insurance,TOTAL,40784,73801070.0
2024,1,state,Madhya Pradesh,Insurance,TOTAL,51223,85215982.0
2024,2,state,Madhya Pradesh,Insurance,TOTAL,41429,73836667.0
2024,3,state,Madhya Pradesh,Insurance,TOTAL,43248,77995668.0
2024,4,state,Madhya Pradesh,Insurance,TOTAL,59688,101096769.0
2020,2,state,Maharashtra,Insurance,TOTAL,39836,6879717.0
2020,3,state,Maharashtra,Insurance,TOTAL,71662,19230156.0
2020,4,state,Maharashtra,Insurance,TOTAL,44798,27113814.0
2021,1,state,Maharashtra,Insurance,TOTAL,55792,33137753.0
2021,2,state,Maharashtra,Insurance,TOTAL,70381,46763103.0
2021,3,state,Maharashtra,Insurance,TOTAL,52268,41313307.0
2021,4,state,Maharashtra,Insurance,TOTAL,82423,93262227.0
2022,1,state,Maharashtra,Insurance,TOTAL,88015,117411928.0
2022,2,state,Maharashtra,Insurance,TOTAL,80935,104603934.0
2022,3,state,Maharashtra,Insurance,TOTAL,90958,113835208.0
2022,4,state,Maharashtra,Insurance,TOTAL,125900,174915648.0
2023,1,state,Maharashtra,Insurance,TOTAL,112174,166596248.0
2023,2,state,Maharashtra,Insurance,TOTAL,102754,157303399.0
2023,3,state,Maharashtra,Insurance,TOTAL,104872,151171882.0
2023,4,state,Maharashtra,Insurance,TOTAL,136968,217657114.0
2024,1,state,Maharashtra,Insurance,TOTAL,149016,224725389.0
2024,2,state,Maharashtra,Insurance,TOTAL,118933,198945046.0
2024,3,state,Maharashtra,Insurance,TOTAL,119776,201319952.0
2024,4,state,Maharashtra,Insurance,TOTAL,168078,266942711.0
2020,2,state,Manipur,Insurance,TOTAL,55,12554.0
2020,3,state,Manipur,Insurance,TOTAL,134,45164.0
2020,4,state,Manipur,Insurance,TOTAL,90,49057.0
2021,1,state,Manipur,Insurance,TOTAL,136,72254.0
2021,2,state,Manipur,Insurance,TOTAL,127,81332.0
2021,3,state,Manipur,Insurance,TOTAL,111,133016.0
2021,4,state,Manipur,Insurance,TOTAL,145,271789.0
2022,1,state,Manipur,Insurance,TOTAL,177,517854.0
2022,2,state,Manipur,Insurance,TOTAL,218,553649.0
2022,3,state,Manipur,Insurance,TOTAL,200,403213.0
2022,4,state,Manipur,Insurance,TOTAL,271,620655.0
2023,1,state,Manipur,Insurance,TOTAL,222,632084.0
2023,2,state,Manipur,Insurance,TOTAL,123,341671.0
2023,3,state,Manipur,Insurance,TOTAL,76,193021.0
2023,4,state,Manipur,Insurance,TOTAL,225,476626.0
2024,1,state,Manipur,Insurance,TOTAL,385,685052.0
2024,2,state,Manipur,Insurance,TOTAL,346,647411.0
2024,3,state,Manipur,Insurance,TOTAL,285,587893.0
2024,4,state,Manipur,Insurance,TOTAL,405,826159.0
2020,2,state,Meghalaya,Insurance,TOTAL,41,8829.0
2020,3,state,Meghalaya,Insurance,TOTAL,112,33615.0
2020,4,state,Meghalaya,Insurance,TOTAL,92,71029.0
2021,1,state,Meghalaya,Insurance,TOTAL,107,128776.0
2021,2,state,Meghalaya,Insurance,TOTAL,139,148434.0
2021,3,state,Meghalaya,Insurance,TOTAL,139,214554.0
2021,4,state,Meghalaya,Insurance,TOTAL,263,451612.0
2022,1,state,Meghalaya,Insurance,TOTAL,337,729211.0
2022,2,state,Meghalaya,Insurance,TOTAL,379,789094.0
2022,3,state,Meghalaya,Insurance,TOTAL,600,1039491.0
2022,4,state,Meghalaya,Insurance,TOTAL,627,1189529.0
2023,1,state,Meghalaya,Insurance,TOTAL,562,1187523.0
2023,2,state,Meghalaya,Insurance,TOTAL,730,1551577.0
2023,3,state,Meghalaya,Insurance,TOTAL,809,1728076.0
2023,4,state,Meghalaya,Insurance,TOTAL,806,1843364.0
2024,1,state,Meghalaya,Insurance,TOTAL,1030,1987107.0
2024,2,state,Meghalaya,Insurance,TOTAL,1235,2318007.0
2024,3,state,Meghalaya,Insurance,TOTAL,1140,2443878.0
2024,4,state,Meghalaya,Insurance,TOTAL,1313,2493656.0
2020,2,state,Mizoram,Insurance,TOTAL,31,7322.0
2020,3,state,Mizoram,Insurance,TOTAL,74,24691.0
2020,4,state,Mizoram,Insurance,TOTAL,81,119124.0
2021,1,state,Mizoram,Insurance,TOTAL,415,302841.0
2021,2,state,Mizoram,Insurance,TOTAL,187,124805.0
2021,3,state,Mizoram,Insurance,TOTAL,81,83641.0
2021,4,state,Mizoram,Insurance,TOTAL,100,175847.0
2022,1,state,Mizoram,Insurance,TOTAL,85,189428.0
2022,2,state,Mizoram,Insurance,TOTAL,76,115090.0
2022,3,state,Mizoram,Insurance,TOTAL,310,471306.0
2022,4,state,Mizoram,Insurance,TOTAL,350,612551.0
2023,1,state,Mizoram,Insurance,TOTAL,171,326688.0
2023,2,state,Mizoram,Insurance,TOTAL,119,232928.0
2023,3,state,Mizoram,Insurance,TOTAL,166,271799.0
2023,4,state,Mizoram,Insurance,TOTAL,312,557950.0
2024,1,state,Mizoram,Insurance,TOTAL,277,427693.0
2024,2,state,Mizoram,Insurance,TOTAL,214,331455.0
2024,3,state,Mizoram,Insurance,TOTAL,186,275746.0
2024,4,state,Mizoram,Insurance,TOTAL,489,811687.0
2020,2,state,Nagaland,Insurance,TOTAL,41,9791.0
2020,3,state,Nagaland,Insurance,TOTAL,89,20798.0
2020,4,state,Nagaland,Insurance,TOTAL,62,38836.0
2021,1,state,Nagaland,Insurance,TOTAL,79,42973.0
2021,2,state,Nagaland,Insurance,TOTAL,85,139479.0
2021,3,state,Nagaland,Insurance,TOTAL,91,123643.0
2021,4,state,Nagaland,Insurance,TOTAL,183,341424.0
2022,1,state,Nagaland,Insurance,TOTAL,242,529223.0
2022,2,state,Nagaland,Insurance,TOTAL,186,380878.0
2022,3,state,Nagaland,Insurance,TOTAL,210,439669.0
2022,4,state,Nagaland,Insurance,TOTAL,367,700864.0
2023,1,state,Nagaland,Insurance,TOTAL,320,704957.0
2023,2,state,Nagaland,Insurance,TOTAL,269,628890.0
2023,3,state,Nagaland,Insurance,TOTAL,268,632287.0
2023,4,state,Nagaland,Insurance,TOTAL,331,822973.0
2024,1,state,Nagaland,Insurance,TOTAL,526,925684.0
2024,2,state,Nagaland,Insurance,TOTAL,418,685292.0
2024,3,state,Nagaland,Insurance,TOTAL,410,820539.0
2024,4,state,Nagaland,Insurance,TOTAL,568,1168417.0
2020,2,state,Odisha,Insurance,TOTAL,2981,615193.0
2020,3,state,Odisha,Insurance,TOTAL,10955,2640191.0
2020,4,state,Odisha,Insurance,TOTAL,7526,4208701.0
2021,1,state,Odisha,Insurance,TOTAL,8236,4383330.0
2021,2,state,Odisha,Insurance,TOTAL,7942,5832924.0
2021,3,state,Odisha,Insurance,TOTAL,7967,6008686.0
2021,4,state,Odisha,Insurance,TOTAL,9093,10941626.0
2022,1,state,Odisha,Insurance,TOTAL,9627,14539309.0
2022,2,state,Odisha,Insurance,TOTAL,12371,16631095.0
2022,3,state,Odisha,Insurance,TOTAL,18898,23308531.0
2022,4,state,Odisha,Insurance,TOTAL,24538,33565401.0
2023,1,state,Odisha,Insurance,TOTAL,18899,29360555.0
2023,2,state,Odisha,Insurance,TOTAL,22163,31307110.0
2023,3,state,Odisha,Insurance,TOTAL,20263,29008350.0
2023,4,state,Odisha,Insurance,TOTAL,25065,39753392.0
2024,1,state,Odisha,Insurance,TOTAL,27977,40032495.0
2024,2,state,Odisha,Insurance,TOTAL,24579,36840474.0
2024,3,state,Odisha,Insurance,TOTAL,26524,40608651.0
2024,4,state,Odisha,Insurance,TOTAL,33165,46973224.0
2020,2,state,Puducherry,Insurance,TOTAL,112,22251.0
2020,3,state,Puducherry,Insurance,TOTAL,191,58399.0
2020,4,state,Puducherry,Insurance,TOTAL,234,197955.0
2021,1,state,Puducherry,Insurance,TOTAL,372,351827.0
2021,2,state,Puducherry,Insurance,TOTAL,526,508277.0
2021,3,state,Puducherry,Insurance,TOTAL,561,556442.0
2021,4,state,Puducherry,Insurance,TOTAL,786,946607.0
2022,1,state,Puducherry,Insurance,TOTAL,1199,1663404.0
2022,2,state,Puducherry,Insurance,TOTAL,1156,1597786.0
2022,3,state,Puducherry,Insurance,TOTAL,1585,2025529.0
2022,4,state,Puducherry,Insurance,TOTAL,2331,2693130.0
2023,1,state,Puducherry,Insurance,TOTAL,1955,2593091.0
2023,2,state,Puducherry,Insurance,TOTAL,1809,2614006.0
2023,3,state,Puducherry,Insurance,TOTAL,2232,2891647.0
2023,4,state,Puducherry,Insurance,TOTAL,2447,3419395.0
2024,1,state,Puducherry,Insurance,TOTAL,2702,3793554.0
2024,2,state,Puducherry,Insurance,TOTAL,2304,3322997.0
2024,3,state,Puducherry,Insurance,TOTAL,2600,3968523.0
2024,4,state,Puducherry,Insurance,TOTAL,2838,3896033.0
2020,2,state,Punjab,Insurance,TOTAL,2036,399452.0
2020,3,state,Punjab,Insurance,TOTAL,2488,684753.0
2020,4,state,Punjab,Insurance,TOTAL,2451,1884291.0
2021,1,state,Punjab,Insurance,TOTAL,3783,2558380.0
2021,2,state,Punjab,Insurance,TOTAL,4047,3768919.0
2021,3,state,Punjab,Insurance,TOTAL,4887,5271559.0
2021,4,state,Punjab,Insurance,TOTAL,6638,9912828.0
2022,1,state,Punjab,Insurance,TOTAL,7475,13155682.0
2022,2,state,Punjab,Insurance,TOTAL,9175,15465367.0
2022,3,state,Punjab,Insurance,TOTAL,12370,19381895.0
2022,4,state,Punjab,Insurance,TOTAL,12187,21727831.0
2023,1,state,Punjab,Insurance,TOTAL,10816,23330966.0
2023,2,state,Punjab,Insurance,TOTAL,13187,24998175.0
2023,3,state,Punjab,Insurance,TOTAL,14048,24461488.0
2023,4,state,Punjab,Insurance,TOTAL,13777,28715828.0
2024,1,state,Punjab,Insurance,TOTAL,14729,28213940.0
2024,2,state,Punjab,Insurance,TOTAL,14129,27164397.0
2024,3,state,Punjab,Insurance,TOTAL,15509,30111034.0
2024,4,state,Punjab,Insurance,TOTAL,16279,31878987.0
2020,2,state,Rajasthan,Insurance,TOTAL,5373,1095933.0
2020,3,state,Rajasthan,Insurance,TOTAL,15235,3758527.0
2020,4,state,Rajasthan,Insurance,TOTAL,12509,6471573.0
2021,1,state,Rajasthan,Insurance,TOTAL,17800,8074225.0
2021,2,state,Rajasthan,Insurance,TOTAL,18281,14357445.0
2021,3,state,Rajasthan,Insurance,TOTAL,16643,12793862.0
2021,4,state,Rajasthan,Insurance,TOTAL,19375,24455262.0
2022,1,state,Rajasthan,Insurance,TOTAL,21517,31576932.0
2022,2,state,Rajasthan,Insurance,TOTAL,24333,33748931.0
2022,3,state,Rajasthan,Insurance,TOTAL,33975,45565544.0
2022,4,state,Rajasthan,Insurance,TOTAL,40926,60792838.0
2023,1,state,Rajasthan,Insurance,TOTAL,34415,61441050.0
2023,2,state,Rajasthan,Insurance,TOTAL,37170,61301449.0
2023,3,state,Rajasthan,Insurance,TOTAL,39960,64328784.0
2023,4,state,Rajasthan,Insurance,TOTAL,49741,94701652.0
2024,1,state,Rajasthan,Insurance,TOTAL,59127,102926410.0
2024,2,state,Rajasthan,Insurance,TOTAL,55241,95504657.0
2024,3,state,Rajasthan,Insurance,TOTAL,64533,108827800.0
2024,4,state,Rajasthan,Insurance,TOTAL,73530,127930986.0
2020,2,state,Sikkim,Insurance,TOTAL,21,4789.0
2020,3,state,Sikkim,Insurance,TOTAL,94,28000.0
2020,4,state,Sikkim,Insurance,TOTAL,67,70214.0
2021,1,state,Sikkim,Insurance,TOTAL,122,111777.0
2021,2,state,Sikkim,Insurance,TOTAL,93,122064.0
2021,3,state,Sikkim,Insurance,TOTAL,106,140552.0
2021,4,state,Sikkim,Insurance,TOTAL,195,503532.0
2022,1,state,Sikkim,Insurance,TOTAL,239,685987.0
2022,2,state,Sikkim,Insurance,TOTAL,160,383709.0
2022,3,state,Sikkim,Insurance,TOTAL,243,474940.0
2022,4,state,Sikkim,Insurance,TOTAL,306,667214.0
2023,1,state,Sikkim,Insurance,TOTAL,260,688605.0
2023,2,state,Sikkim,Insurance,TOTAL,270,628191.0
2023,3,state,Sikkim,Insurance,TOTAL,251,698251.0
2023,4,state,Sikkim,Insurance,TOTAL,324,793745.0
2024,1,state,Sikkim,Insurance,TOTAL,400,880182.0
2024,2,state,Sikkim,Insurance,TOTAL,685,1590554.0
2024,3,state,Sikkim,Insurance,TOTAL,461,1029398.0
2024,4,state,Sikkim,Insurance,TOTAL,599,1381680.0
2020,2,state,Tamil Nadu,Insurance,TOTAL,5473,1075552.0
2020,3,state,Tamil Nadu,Insurance,TOTAL,8026,2257373.0
2020,4,state,Tamil Nadu,Insurance,TOTAL,10290,8993575.0
2021,1,state,Tamil Nadu,Insurance,TOTAL,14406,11180849.0
2021,2,state,Tamil Nadu,Insurance,TOTAL,17682,16444344.0
2021,3,state,Tamil Nadu,Insurance,TOTAL,23107,23402918.0
2021,4,state,Tamil Nadu,Insurance,TOTAL,33037,42184290.0
2022,1,state,Tamil Nadu,Insurance,TOTAL,47621,64969045.0
2022,2,state,Tamil Nadu,Insurance,TOTAL,46714,61835120.0
2022,3,state,Tamil Nadu,Insurance,TOTAL,64356,79747520.0
2022,4,state,Tamil Nadu,Insurance,TOTAL,125491,146457790.0
2023,1,state,Tamil Nadu,Insurance,TOTAL,90690,116710222.0
2023,2,state,Tamil Nadu,Insurance,TOTAL,79698,105328191.0
2023,3,state,Tamil Nadu,Insurance,TOTAL,91069,114625593.0
2023,4,state,Tamil Nadu,Insurance,TOTAL,104871,139433796.0
2024,1,state,Tamil Nadu,Insurance,TOTAL,111521,148976175.0
2024,2,state,Tamil Nadu,Insurance,TOTAL,97348,135972378.0
2024,3,state,Tamil Nadu,Insurance,TOTAL,116867,162128271.0
2024,4,state,Tamil Nadu,Insurance,TOTAL,127002,173784251.0
2020,2,state,Telangana,Insurance,TOTAL,19003,3419453.0
2020,3,state,Telangana,Insurance,TOTAL,34395,8406543.0
2020,4,state,Telangana,Insurance,TOTAL,20961,11339099.0
2021,1,state,Telangana,Insurance,TOTAL,28298,14810947.0
2021,2,state,Telangana,Insurance,TOTAL,28870,20935651.0
2021,3,state,Telangana,Insurance,TOTAL,27080,20925217.0
2021,4,state,Telangana,Insurance,TOTAL,34848,38845492.0
2022,1,state,Telangana,Insurance,TOTAL,36325,51942016.0
2022,2,state,Telangana,Insurance,TOTAL,45600,58056956.0
2022,3,state,Telangana,Insurance,TOTAL,51465,64798126.0
2022,4,state,Telangana,Insurance,TOTAL,64655,88544127.0
2023,1,state,Telangana,Insurance,TOTAL,54508,82678207.0
2023,2,state,Telangana,Insurance,TOTAL,55118,79238968.0
2023,3,state,Telangana,Insurance,TOTAL,61523,84397465.0
2023,4,state,Telangana,Insurance,TOTAL,63993,105605522.0
2024,1,state,Telangana,Insurance,TOTAL,67388,105607539.0
2024,2,state,Telangana,Insurance,TOTAL,56941,96037304.0
2024,3,state,Telangana,Insurance,TOTAL,64873,110715264.0
2024,4,state,Telangana,Insurance,TOTAL,78498,124755619.0
2020,2,state,Tripura,Insurance,TOTAL,88,22054.0
2020,3,state,Tripura,Insurance,TOTAL,249,61642.0
2020,4,state,Tripura,Insurance,TOTAL,244,149765.0
2021,1,state,Tripura,Insurance,TOTAL,360,191531.0
2021,2,state,Tripura,Insurance,TOTAL,381,409934.0
2021,3,state,Tripura,Insurance,TOTAL,494,649961.0
2021,4,state,Tripura,Insurance,TOTAL,702,1022508.0
2022,1,state,Tripura,Insurance,TOTAL,907,1493401.0
2022,2,state,Tripura,Insurance,TOTAL,1021,1509105.0
2022,3,state,Tripura,Insurance,TOTAL,1590,2105984.0
2022,4,state,Tripura,Insurance,TOTAL,1508,2112534.0
2023,1,state,Tripura,Insurance,TOTAL,1642,2404958.0
2023,2,state,Tripura,Insurance,TOTAL,1563,2163813.0
2023,3,state,Tripura,Insurance,TOTAL,2071,2899393.0
2023,4,state,Tripura,Insurance,TOTAL,2237,3169741.0
2024,1,state,Tripura,Insurance,TOTAL,2637,3417568.0
2024,2,state,Tripura,Insurance,TOTAL,2188,2869489.0
2024,3,state,Tripura,Insurance,TOTAL,2516,3323343.0
2024,4,state,Tripura,Insurance,TOTAL,2794,3765732.0
2020,2,state,Uttar Pradesh,Insurance,TOTAL,9884,1912266.0
2020,3,state,Uttar Pradesh,Insurance,TOTAL,18131,4436969.0
2020,4,state,Uttar Pradesh,Insurance,TOTAL,17470,14180417.0
2021,1,state,Uttar Pradesh,Insurance,TOTAL,24103,18027573.0
2021,2,state,Uttar Pradesh,Insurance,TOTAL,25952,25137571.0
2021,3,state,Uttar Pradesh,Insurance,TOTAL,32799,32641118.0
2021,4,state,Uttar Pradesh,Insurance,TOTAL,44132,59654951.0
2022,1,state,Uttar Pradesh,Insurance,TOTAL,45996,73014969.0
2022,2,state,Uttar Pradesh,Insurance,TOTAL,55133,77434953.0
2022,3,state,Uttar Pradesh,Insurance,TOTAL,64514,87703512.0
2022,4,state,Uttar Pradesh,Insurance,TOTAL,77022,116755813.0
2023,1,state,Uttar Pradesh,Insurance,TOTAL,73080,127110494.0
2023,2,state,Uttar Pradesh,Insurance,TOTAL,74194,122522457.0
2023,3,state,Uttar Pradesh,Insurance,TOTAL,78940,121483170.0
2023,4,state,Uttar Pradesh,Insurance,TOTAL,92125,165509877.0
2024,1,state,Uttar Pradesh,Insurance,TOTAL,103701,176442664.0
2024,2,state,Uttar Pradesh,Insurance,TOTAL,92458,159894258.0
2024,3,state,Uttar Pradesh,Insurance,TOTAL,92930,157303596.0
2024,4,state,Uttar Pradesh,Insurance,TOTAL,116589,199179867.0
2020,2,state,Uttarakhand,Insurance,TOTAL,660,134899.0
2020,3,state,Uttarakhand,Insurance,TOTAL,1403,418543.0
2020,4,state,Uttarakhand,Insurance,TOTAL,1756,1961891.0
2021,1,state,Uttarakhand,Insurance,TOTAL,2607,2719327.0
2021,2,state,Uttarakhand,Insurance,TOTAL,2742,3265717.0
2021,3,state,Uttarakhand,Insurance,TOTAL,4111,4646571.0
2021,4,state,Uttarakhand,Insurance,TOTAL,5529,7849020.0
2022,1,state,Uttarakhand,Insurance,TOTAL,5339,8824948.0
2022,2,state,Uttarakhand,Insurance,TOTAL,5773,9168313.0
2022,3,state,Uttarakhand,Insurance,TOTAL,6784,10070172.0
2022,4,state,Uttarakhand,Insurance,TOTAL,8750,13817747.0
2023,1,state,Uttarakhand,Insurance,TOTAL,7552,13599026.0
2023,2,state,Uttarakhand,Insurance,TOTAL,8051,14034915.0
2023,3,state,Uttarakhand,Insurance,TOTAL,7856,12636749.0
2023,4,state,Uttarakhand,Insurance,TOTAL,10040,19045152.0
2024,1,state,Uttarakhand,Insurance,TOTAL,11533,19531483.0
2024,2,state,Uttarakhand,Insurance,TOTAL,10311,17754447.0
2024,3,state,Uttarakhand,Insurance,TOTAL,10487,17860144.0
2024,4,state,Uttarakhand,Insurance,TOTAL,13090,23367549.0
2020,2,state,West Bengal,Insurance,TOTAL,7619,1432764.0
2020,3,state,West Bengal,Insurance,TOTAL,12596,2878482.0
2020,4,state,West Bengal,Insurance,TOTAL,10233,7510455.0
2021,1,state,West Bengal,Insurance,TOTAL,15488,11172042.0
2021,2,state,West Bengal,Insurance,TOTAL,15200,12396029.0
2021,3,state,West Bengal,Insurance,TOTAL,24839,21424337.0
2021,4,state,West Bengal,Insurance,TOTAL,26320,31282871.0
2022,1,state,West Bengal,Insurance,TOTAL,38779,51160527.0
2022,2,state,West Bengal,Insurance,TOTAL,33542,41737021.0
2022,3,state,West Bengal,Insurance,TOTAL,47853,59092307.0
2022,4,state,West Bengal,Insurance,TOTAL,54277,70466433.0
2023,1,state,West Bengal,Insurance,TOTAL,56833,77461732.0
2023,2,state,West Bengal,Insurance,TOTAL,49792,65204280.0
2023,3,state,West Bengal,Insurance,TOTAL,58131,76359312.0
2023,4,state,West Bengal,Insurance,TOTAL,72712,100365562.0
2024,1,state,West Bengal,Insurance,TOTAL,79576,104987909.0
2024,2,state,West Bengal,Insurance,TOTAL,67048,89476633.0
2024,3,state,West Bengal,Insurance,TOTAL,77158,107451766.0
2024,4,state,West Bengal,Insurance,TOTAL,91719,120602777.0
